{
  "x": [ 0.9981941309255079, 0.9978829500962875, 0.997485046740891, 0.9970922447105636, 0.9966178214791293, 0.996135746260091, 0.9955159352641849, 0.99491908023109, 0.9942635599596995, 0.993526418487202, 0.9927204091262706, 0.9918863424774585, 0.9909936105903508, 0.9900192575021362, 0.9890653097141983, 0.9878920049482853, 0.9867008455446302, 0.9853617477139687, 0.9839563326574078, 0.9823545165856832, 0.9807399472012855, 0.979194245705322, 0.9773832753057606, 0.9755416969557843, 0.973567484154009, 0.9714657382255041, 0.9692874724209614, 0.96703778806545, 0.9645661960694291, 0.9620767494356659, 0.9594062057619467, 0.9565163051102524, 0.9535371312698473, 0.950359005751744, 0.9470125365063575, 0.9435563887719836, 0.9401180956753517, 0.9363074058486692, 0.932871663414572, 0.9290023083495939, 0.9251048959967352, 0.9209014041397253, 0.9165295685554323, 0.9122189488719695, 0.9077552894364311, 0.9030110571220875, 0.8979250360281082, 0.892782900358368, 0.88765861932637, 0.8821899988522018, 0.8766907704276186, 0.8710818635140478, 0.86520258637181, 0.859080996288786, 0.8529058422925355, 0.8462664677149889, 0.8398694060782288, 0.8328933440461159, 0.8257693435869967, 0.8184769994005943, 0.8111540472637767, 0.80348165435972, 0.7955363405644617, 0.7873869737664358, 0.7790820165537998, 0.7702898827970566, 0.7613141013378225, 0.7520500950121795, 0.7422427975666679, 0.7323232709696343, 0.7219726824042545, 0.7112139878333397, 0.7002078789965693, 0.6888472280674905, 0.6768208542168829, 0.6645521674254887, 0.6516687709632577, 0.6380431317034599, 0.623716060246649, 0.6085421688283532, 0.5927000038259937, 0.5757687059213631, 0.5580262973307316, 0.538993253497596, 0.518858323449516, 0.49744551147160476, 0.47462218311206333, 0.45047251023453344, 0.4251138233156062, 0.3980819017739858, 0.3697389396895844, 0.34012829832549, 0.30903827269133155, 0.27707336980780756, 0.24483554603308208, 0.213906212138603, 0.18361454387777226, 0.15513894734157196, 0.12930583719121042, 0.10577852597212126, 0.08519722998048743, 0.06756960120391271, 0.052280929971560114, 0.038930762265498464, 0.02756501001135045, 0.01820152784685822, 0.010360791215518231, 0.004473862085676754, 0.0010508729642524646, 0.00010457716391832779, 0.0, 0.0
  ],
  "y": [ 0.9879807692307693, 0.9876373626373627, 0.9876373626373627, 0.9862637362637363, 0.9859203296703297, 0.9859203296703297, 0.9859203296703297, 0.9859203296703297, 0.9855769230769231, 0.9855769230769231, 0.9848901098901099, 0.9848901098901099, 0.9845467032967034, 0.9845467032967034, 0.9842032967032966, 0.9842032967032966, 0.9835164835164835, 0.9835164835164835, 0.9835164835164835, 0.9835164835164835, 0.9831730769230769, 0.9828296703296703, 0.9828296703296703, 0.9828296703296703, 0.9828296703296703, 0.9828296703296703, 0.9824862637362637, 0.9824862637362637, 0.9824862637362637, 0.9821428571428571, 0.9817994505494505, 0.9817994505494505, 0.9804258241758241, 0.9800824175824175, 0.979739010989011, 0.9787087912087912, 0.9776785714285714, 0.9773351648351648, 0.9766483516483516, 0.9766483516483516, 0.976304945054945, 0.9739010989010989, 0.9728708791208791, 0.9728708791208791, 0.9718406593406593, 0.9711538461538461, 0.9711538461538461, 0.9708104395604396, 0.970467032967033, 0.970467032967033, 0.970467032967033, 0.970467032967033, 0.9701236263736264, 0.9697802197802198, 0.9697802197802198, 0.9697802197802198, 0.9694368131868132, 0.9694368131868132, 0.9684065934065934, 0.9684065934065934, 0.9680631868131868, 0.9680631868131868, 0.9677197802197802, 0.9677197802197802, 0.967032967032967, 0.967032967032967, 0.967032967032967, 0.967032967032967, 0.9666895604395604, 0.9660027472527473, 0.9660027472527473, 0.9660027472527473, 0.9660027472527473, 0.9656593406593407, 0.9653159340659341, 0.9653159340659341, 0.9646291208791209, 0.9646291208791209, 0.9639423076923077, 0.9639423076923077, 0.9639423076923077, 0.9635989010989011, 0.9635989010989011, 0.9632554945054945, 0.9625686813186813, 0.9622252747252747, 0.9618818681318682, 0.9615384615384616, 0.9608516483516484, 0.9601648351648352, 0.9601648351648352, 0.9598214285714286, 0.9598214285714286, 0.959478021978022, 0.9574175824175825, 0.9560439560439561, 0.9546703296703297, 0.9539835164835165, 0.9532967032967034, 0.9526098901098901, 0.9526098901098901, 0.9519230769230769, 0.9515796703296703, 0.9488324175824175, 0.945054945054945, 0.9371565934065934, 0.928228021978022, 0.9158653846153846, 0.898695054945055, 0.8602335164835165, 0.0, 0.0
  ]
}