{
  "Airplane": {
    "JPEG": {
      "param_range": [30,40,50,60,70,80,90,100
      ],
      "cc_cnt": 8,
      "cc_list": [0.9985885618253468,0.9983089787392633,0.9982946584209241,0.9985905964405587,0.9988304806629318,0.9988676998326955,0.9990332487058122,0.9992056103988841
      ]
    },
    "Image_Scaling": {
      "param_range": [0.5,0.75,0.9,1.1,1.5,2.0
      ],
      "param_cnt": 6,
      "cc_list": [0.9801180763143387,0.9956267745301375,0.9979637949269703,0.9984798257217844,0.9987251416972048,0.9986590914707173
      ]
    },
    "Salt_and_pepper_noise": {
      "param_range": [0.001,0.002,0.003,0.004,0.005,0.006,0.007,0.008,0.009,0.01
      ],
      "param_cnt": 10,
      "cc_list": [0.9942308610251158,0.9868120378052722,0.9804868235275986,0.9780522245244583,0.9728614381690255,0.9712406703078132,0.9685266224016161,0.9667950405926741,0.964405610515448,0.96302103574283
      ]
    },
    "Brightness": {
      "param_range": [-20,-10,10,20
      ],
      "param_cnt": 4,
      "cc_list": [0.9984845595439361,0.9995299328397182,0.9998507030043094,0.9998425984665701
      ]
    },
    "Contrast": {
      "param_range": [-20,-10,10,20
      ],
      "param_cnt": 4,
      "cc_list": [0.9994227535704103,0.9999072383229035,0.999931796215479,0.9997139605008117
      ]
    },
    "Gamma": {
      "param_range": [0.75,0.9,1.1,1.25
      ],
      "param_cnt": 4,
      "cc_list": [0.9994143797922032,0.9998645498713294,0.9997869405909378,0.9982023066517804
      ]
    },
    "Gaussian": {
      "param_range": [0.3,0.4,0.5,0.6,0.7,0.8,0.9,1.0
      ],
      "param_cnt": 8,
      "cc_list": [0.9925166548704782,0.9765214356014397,0.9811519912402173,0.9744956121291388,0.9630687904240492,0.9505523153523516,0.9308821144623822,0.913713574147596
      ]
    },
    "Rotation": {
      "param_range": [-5,-4,-3,-2,-1,1,2,3,4,5
      ],
      "param_cnt": 10,
      "cc_list": [0.9926434782133511,0.9947309633429243,0.9965707842853384,0.9976620093430668,0.9986106597328044,0.9985510603322835,0.9975688111459852,0.9965022005425503,0.9953529503352295,0.9936135186488041
      ]
    }
  },
  "Baboon": {
    "JPEG": {
      "param_range": [30,40,50,60,70,80,90,100
      ],
      "cc_cnt": 8,
      "cc_list": [0.9989032884372566,0.9992116594911522,0.9995305233401516,0.9996866055778635,0.9998477641783151,0.9998720740002204,0.9998367491950895,0.9998618593273065
      ]
    },
    "Image_Scaling": {
      "param_range": [0.5,0.75,0.9,1.1,1.5,2.0
      ],
      "param_cnt": 6,
      "cc_list": [0.9841244759971866,0.9954145471311597,0.9969840339474273,0.9978717763959682,0.9982774431774559,0.9981897846351168
      ]
    },
    "Salt_and_pepper_noise": {
      "param_range": [0.001,0.002,0.003,0.004,0.005,0.006,0.007,0.008,0.009,0.01
      ],
      "param_cnt": 10,
      "cc_list": [0.9997028447903674,0.9993102873717147,0.9987438256899366,0.9981166148818356,0.997705331183564,0.9968404301733423,0.9961365549383614,0.9951533221698219,0.9945285409815986,0.9936070316796431
      ]
    },
    "Brightness": {
      "param_range": [-20,-10,10,20
      ],
      "param_cnt": 4,
      "cc_list": [0.999983519473326,0.9999951019666912,0.999996429312367,0.9999916630811476
      ]
    },
    "Contrast": {
      "param_range": [-20,-10,10,20
      ],
      "param_cnt": 4,
      "cc_list": [0.9999906221994533,0.9999983837988291,0.9999985672131138,0.9999937034390425
      ]
    },
    "Gamma": {
      "param_range": [0.75,0.9,1.1,1.25
      ],
      "param_cnt": 4,
      "cc_list": [0.9999914459455643,0.9999986330260058,0.9999985175574103,0.9999910568059174
      ]
    },
    "Gaussian": {
      "param_range": [0.3,0.4,0.5,0.6,0.7,0.8,0.9,1.0
      ],
      "param_cnt": 8,
      "cc_list": [0.997441644126961,0.9953230638467123,0.9935823035344398,0.9918031348388064,0.9885180303558935,0.9843143202589117,0.9775659140894973,0.9707861392740225
      ]
    },
    "Rotation": {
      "param_range": [-5,-4,-3,-2,-1,1,2,3,4,5
      ],
      "param_cnt": 10,
      "cc_list": [0.9971830231396588,0.9972303339448236,0.9971880239649662,0.9970441787968409,0.9970596883484358,0.9969786616121818,0.9968529201909471,0.9969899323044519,0.9969655822124721,0.9969248205043942
      ]
    }
  },
  "House": {
    "JPEG": {
      "param_range": [30,40,50,60,70,80,90,100
      ],
      "cc_cnt": 8,
      "cc_list": [0.9926442211395629,0.9945482291042786,0.9946669242057719,0.9929709761419697,0.9955766157220926,0.9969075648264593,0.997104774619283,0.9971435962194024
      ]
    },
    "Image_Scaling": {
      "param_range": [0.5,0.75,0.9,1.1,1.5,2.0
      ],
      "param_cnt": 6,
      "cc_list": [0.8894685039431712,0.9855490407707169,0.9938479604932517,0.9908258438951458,0.9973882438814429,0.9996447841255963
      ]
    },
    "Salt_and_pepper_noise": {
      "param_range": [0.001,0.002,0.003,0.004,0.005,0.006,0.007,0.008,0.009,0.01
      ],
      "param_cnt": 10,
      "cc_list": [0.9810686302442001,0.9732679092589289,0.9616660774406972,0.9510268141488906,0.9455764766346052,0.9317893197868977,0.9286105065572987,0.9188226131561757,0.9164617066440314,0.910573038564744
      ]
    },
    "Brightness": {
      "param_range": [-20,-10,10,20
      ],
      "param_cnt": 4,
      "cc_list": [0.9949387258813417,0.9982094520986876,0.9987810220967998,0.9976465134428123
      ]
    },
    "Contrast": {
      "param_range": [-20,-10,10,20
      ],
      "param_cnt": 4,
      "cc_list": [0.9972020063809844,0.9994484599466439,0.9994938498389709,0.9978247440339569
      ]
    },
    "Gamma": {
      "param_range": [0.75,0.9,1.1,1.25
      ],
      "param_cnt": 4,
      "cc_list": [0.9970747501734714,0.9994336602589685,0.9993600193336808,0.995964974280927
      ]
    },
    "Gaussian": {
      "param_range": [0.3,0.4,0.5,0.6,0.7,0.8,0.9,1.0
      ],
      "param_cnt": 8,
      "cc_list": [0.9694485287369196,0.9418642729477844,0.9186284433549937,0.8974734177210767,0.8643696842445086,0.8323411686816566,0.7912743945623982,0.763256417080132
      ]
    },
    "Rotation": {
      "param_range": [-5,-4,-3,-2,-1,1,2,3,4,5
      ],
      "param_cnt": 10,
      "cc_list": [0.9237166788368185,0.9263723703142717,0.920660010352683,0.9118363026099389,0.9109000421014662,0.9038650174658618,0.8995973639289222,0.907968418378801,0.9133762918010732,0.911073940455137
      ]
    }
  },
  "Lena": {
    "JPEG": {
      "param_range": [30,40,50,60,70,80,90,100
      ],
      "cc_cnt": 8,
      "cc_list": [0.9992273665688652,0.9992573559643837,0.999358252231177,0.9994097333825556,0.9995227593686625,0.9996313102266859,0.9998230026962026,0.9999559916882864
      ]
    },
    "Image_Scaling": {
      "param_range": [0.5,0.75,0.9,1.1,1.5,2.0
      ],
      "param_cnt": 6,
      "cc_list": [0.9665749664932873,0.9886972040329994,0.9918590043799179,0.9939731204298855,0.9952376553111575,0.9951988324648537
      ]
    },
    "Salt_and_pepper_noise": {
      "param_range": [0.001,0.002,0.003,0.004,0.005,0.006,0.007,0.008,0.009,0.01
      ],
      "param_cnt": 10,
      "cc_list": [0.9914838332613282,0.9827172720256797,0.9760668354946842,0.9692325654946123,0.9655718649837711,0.962693710358682,0.9595788440686723,0.9581182927623425,0.9553810752118821,0.953460267484737
      ]
    },
    "Brightness": {
      "param_range": [-20,-10,10,20
      ],
      "param_cnt": 4,
      "cc_list": [0.9992556264557824,0.9997846628049473,0.9998472951314288,0.9996084539419005
      ]
    },
    "Contrast": {
      "param_range": [-20,-10,10,20
      ],
      "param_cnt": 4,
      "cc_list": [0.9997571246189884,0.9999522255915307,0.9999603818425408,0.9998247063524702
      ]
    },
    "Gamma": {
      "param_range": [0.75,0.9,1.1,1.25
      ],
      "param_cnt": 4,
      "cc_list": [0.9999061000392646,0.9999817953997383,0.9999805471410911,0.9998700053298172
      ]
    },
    "Gaussian": {
      "param_range": [0.3,0.4,0.5,0.6,0.7,0.8,0.9,1.0
      ],
      "param_cnt": 8,